{"stat.chestOpened":1,"stat.flyOneCm":826813,"stat.walkOneCm":233621,"stat.pickup.props.props":5,"stat.jump":1916,"stat.playOneMinute":158713,"stat.fallOneCm":11028,"stat.climbOneCm":7304,"stat.leaveGame":3,"stat.sneakTime":16486,"stat.damageTaken":655,"stat.damageDealt":45,"stat.crouchOneCm":30056,"stat.timeSinceDeath":158713,"stat.pickup.minecraft.dirt":1,"stat.sprintOneCm":305699,"stat.mineBlock.minecraft.dirt":1,"stat.useItem.minecraft.stone_slab2":1,"stat.pickup.simplylight.edge_light_top":3}