{"stat.useItem.minecraft.bow":318,"stat.pickup.minecraft.bone":13,"stat.useItem.minecraft.quartz_block":226,"stat.pickup.minecraft.redstone_torch":4,"stat.horseOneCm":1033344,"stat.leaveGame":31,"stat.useItem.minecraft.diamond_sword":171,"stat.drop.fairylights.light":1,"stat.swimOneCm":114838,"stat.climbOneCm":12784,"stat.pickup.minecraft.cooked_porkchop":11,"stat.pickup.minecraft.porkchop":16,"stat.useItem.minecraft.dirt":40,"stat.useItem.minecraft.stone_slab2":6143,"stat.pickup.minecraft.bow":2,"stat.useItem.minecraft.water_bucket":99,"stat.pickup.minecraft.rotten_flesh":7,"stat.pickup.minecraft.sand":405,"stat.pickup.minecraft.brick_block":1,"stat.useItem.minecraft.egg":119,"stat.useItem.fairylights.pennant_bunting":1,"stat.pickup.minecraft.cobblestone":36,"stat.aviateOneCm":8223984,"stat.flyOneCm":17795240,"stat.pickup.minecraft.glass_bottle":2,"stat.drop.minecraft.wheat_seeds":4,"stat.drop.minecraft.sand":2,"stat.pickup.minecraft.redstone":1,"stat.timeSinceDeath":3775,"stat.hopperInspected":1,"stat.useItem.minecraft.sign":6,"stat.useItem.minecraft.wooden_slab":2,"stat.pickup.minecraft.double_plant":9,"stat.craftItem.vehicle.spray_can":4,"stat.drop.minecraft.gravel":1,"stat.drop.minecraft.dirt":2,"stat.drop.simplylight.edge_light":1,"stat.killEntity.Creeper":13,"stat.pickup.minecraft.shield":2,"stat.useItem.minecraft.double_plant":4,"stat.pickup.minecraft.beef":1,"stat.useItem.minecraft.milk_bucket":2,"stat.pickup.fairylights.hanging_lights":7,"stat.sprintOneCm":2523509,"stat.useItem.minecraft.stained_glass":28,"stat.useItem.minecraft.stone_slab":2,"stat.useItem.fairylights.hanging_lights":26,"stat.useItem.minecraft.flint_and_steel":8,"stat.pickup.minecraft.grass":1,"stat.pickup.fairylights.pennant_bunting":1,"stat.drop.minecraft.golden_apple":4,"stat.drop.simplylight.illuminant_panel":1,"stat.deaths":22,"stat.drop":40,"stat.pickup.minecraft.egg":11,"stat.playOneMinute":2100874,"stat.useItem.minecraft.wooden_sword":10,"stat.killEntity.Zombie":7,"stat.diveOneCm":181328,"stat.pickup.minecraft.cooked_mutton":2,"stat.useItem.props.props":7,"stat.useItem.malisisdoors.rustyhatch":1,"stat.useItem.minecraft.stone":10,"stat.pickup.minecraft.gravel":2,"stat.pickup.minecraft.waterlily":16,"stat.pickup.minecraft.arrow":6,"stat.useItem.minecraft.chicken":2,"stat.drop.minecraft.cooked_porkchop":8,"stat.pickup.minecraft.diamond_sword":2,"stat.jump":25153,"stat.useItem.minecraft.sand":533,"stat.fallOneCm":47705,"stat.pickup.minecraft.iron_ingot":1,"stat.drop.minecraft.dye":3,"stat.drop.minecraft.diamond_sword":4,"stat.pickup.minecraft.gunpowder":13,"stat.crouchOneCm":126568,"stat.pickup.minecraft.spider_eye":1,"stat.drop.simplylight.rodlamp":1,"stat.craftItem.minecraft.banner":7,"stat.pickup.minecraft.dirt":149,"stat.craftingTableInteraction":9,"stat.boatOneCm":818,"stat.pickup.minecraft.leaves":1,"stat.damageTaken":8798,"stat.pickup.minecraft.leather":2,"stat.drop.minecraft.concrete":1,"stat.pickup.minecraft.dye":6,"stat.pickup.minecraft.planks":2,"stat.pickup.minecraft.reeds":4,"stat.pickup.minecraft.concrete":3,"stat.pickup.minecraft.wheat_seeds":29,"stat.pickup.fairylights.light":1,"stat.damageDealt":12767,"stat.sleepInBed":2,"stat.killEntity.Cow":1,"stat.mineBlock.minecraft.dirt":3,"stat.killEntity.Pig":6,"stat.craftItem.fairylights.hanging_lights":48,"stat.drop.minecraft.stick":2,"stat.useItem.minecraft.command_block":2,"stat.walkOneCm":2747228,"stat.useItem.minecraft.torch":1,"stat.pickup.minecraft.golden_apple":2,"stat.playerKills":19,"stat.pickup.minecraft.stick":4,"stat.drop.minecraft.tallgrass":1,"stat.drop.simplylight.illuminant_block_on":1,"stat.pickup.minecraft.log":2,"stat.pickup.minecraft.stone":3,"stat.pickup.minecraft.chicken":2,"stat.pickup.minecraft.sapling":18,"stat.entityKilledBy.Enderman":1,"stat.drop.simplylight.lightbulb":1,"stat.useItem.minecraft.concrete":494,"stat.useItem.minecraft.fireworks":75,"stat.useItem.minecraft.netherrack":9,"stat.killEntity.Skeleton":12,"stat.killEntity.Chicken":2,"stat.killEntity.Spider":1,"stat.mobKills":43,"stat.drop.props.props":7,"stat.pickup.minecraft.water_bucket":1,"stat.pickup.props.props":7,"stat.pickup.minecraft.torch":2976,"stat.pickup.minecraft.red_flower":6,"stat.sneakTime":50433,"stat.pickup.minecraft.wool":1,"stat.drop.simplylight.edge_light_top":1,"stat.useItem.minecraft.wooden_axe":5,"stat.pickup.minecraft.yellow_flower":3,"stat.drop.minecraft.grass":1}