{"stat.walkOneCm":314714,"stat.leaveGame":3,"stat.mineBlock.minecraft.red_flower":1,"stat.drop.minecraft.concrete":1,"stat.pickup.minecraft.planks":2,"stat.useItem.minecraft.stained_glass_pane":8,"stat.flyOneCm":526998,"stat.pickup.minecraft.concrete":1,"stat.pickup.props.props":5,"stat.drop":1,"stat.jump":183,"stat.swimOneCm":2750,"stat.playOneMinute":190829,"stat.climbOneCm":837,"stat.pickup.minecraft.stone_button":1,"stat.useItem.minecraft.planks":1,"stat.pickup.minecraft.red_flower":1,"stat.sneakTime":3834,"stat.crouchOneCm":7894,"stat.timeSinceDeath":190829,"stat.sprintOneCm":45250,"stat.useItem.minecraft.stone_slab2":2252,"stat.diveOneCm":1130,"stat.useItem.minecraft.water_bucket":38}