{"stat.useItem.minecraft.bow":327,"stat.pickup.minecraft.bone":17,"stat.useItem.minecraft.painting":7,"stat.pickup.minecraft.stone_pressure_plate":3,"stat.pickup.minecraft.redstone_torch":3,"stat.horseOneCm":4637,"stat.leaveGame":52,"stat.pickup.simplylight.edge_light":1,"stat.swimOneCm":102934,"stat.climbOneCm":34512,"stat.useItem.minecraft.planks":3,"stat.pickup.minecraft.cooked_porkchop":11,"stat.pickup.minecraft.porkchop":3,"stat.pickup.minecraft.writable_book":2,"stat.pickup.minecraft.sticky_piston":1,"stat.useItem.minecraft.dirt":8,"stat.drop.minecraft.writable_book":2,"stat.useItem.minecraft.stone_slab2":17148,"stat.pickup.minecraft.bow":1,"stat.useItem.minecraft.water_bucket":408,"stat.pickup.minecraft.rotten_flesh":5,"stat.useItem.minecraft.egg":629,"stat.useItem.fairylights.pennant_bunting":11,"stat.pickup.malisisdoors.trapdoor_dark_oak":1,"stat.pickup.minecraft.cobblestone":19,"stat.flyOneCm":54535645,"stat.pickup.minecraft.brown_mushroom":2,"stat.pickup.malisisdoors.shoji_door":2,"stat.drop.minecraft.wheat_seeds":4,"stat.killEntity.Villager":3,"stat.drop.minecraft.snow_layer":1,"stat.pickup.minecraft.redstone":10,"stat.drop.minecraft.tnt":1,"stat.timeSinceDeath":532,"stat.useItem.minecraft.spawn_egg":27,"stat.pickup.fairylights.letter_bunting":4,"stat.pickup.minecraft.double_plant":1,"stat.killEntity.Bat":1,"stat.pickup.vehicle.key":1,"stat.pickup.vehicle.vehicle_crate":1,"stat.pickup.minecraft.wooden_axe":1,"stat.pickup.minecraft.nether_wart":92,"stat.drop.minecraft.gravel":1,"stat.drop.minecraft.stained_glass":1,"stat.killEntity.Wolf":3,"stat.pickup.minecraft.carpet":10,"stat.drop.minecraft.wool":1,"stat.killEntity.Creeper":6,"stat.talkedToVillager":7,"stat.drop.minecraft.red_flower":2,"stat.pickup.minecraft.string":2,"stat.pickup.minecraft.beef":2,"stat.useItem.minecraft.redstone":47,"stat.pickup.fairylights.hanging_lights":19,"stat.pickup.minecraft.birch_stairs":1,"stat.killEntity.Squid":2,"stat.sprintOneCm":2436090,"stat.pickup.simplylight.edge_light_top":1,"stat.useItem.minecraft.stone_slab":1,"stat.useItem.fairylights.hanging_lights":56,"stat.useItem.minecraft.flint_and_steel":50,"stat.useItem.minecraft.stone_pressure_plate":15,"stat.drop.minecraft.leaves":1,"stat.pickup.fairylights.pennant_bunting":4,"stat.pickup.malisisdoors.rustyladder":5,"stat.pickup.minecraft.lever":1,"stat.deaths":34,"stat.drop":33,"stat.pickup.minecraft.egg":7,"stat.useItem.malisisdoors.rustyladder":10,"stat.playOneMinute":3787945,"stat.pickup.minecraft.stone_button":3,"stat.useItem.minecraft.banner":22,"stat.killEntity.Sheep":19,"stat.killEntity.Zombie":3,"stat.mineBlock.minecraft.tallgrass":1,"stat.diveOneCm":447849,"stat.pickup.minecraft.cooked_mutton":10,"stat.chestOpened":6,"stat.pickup.minecraft.gravel":2,"stat.pickup.minecraft.waterlily":14,"stat.pickup.minecraft.arrow":12,"stat.drop.minecraft.cooked_beef":1,"stat.useItem.minecraft.waterlily":205,"stat.useItem.minecraft.carpet":3,"stat.jump":25068,"stat.killEntity.SkeletonHorse":5,"stat.pickup.minecraft.cooked_chicken":5,"stat.fallOneCm":56815,"stat.drop.minecraft.stone":2,"stat.drop.minecraft.dye":2,"stat.pickup.minecraft.gunpowder":12,"stat.crouchOneCm":46407,"stat.pickup.minecraft.spider_eye":1,"stat.pickup.minecraft.dirt":17,"stat.pickup.minecraft.painting":3,"stat.useItem.fairylights.letter_bunting":21,"stat.drop.minecraft.glass":1,"stat.craftingTableInteraction":1,"stat.pickup.minecraft.leaves":1,"stat.damageTaken":4874,"stat.pickup.minecraft.feather":10,"stat.pickup.minecraft.leather":7,"stat.drop.minecraft.bone":3,"stat.mineBlock.minecraft.red_flower":3,"stat.drop.minecraft.stone_button":2,"stat.pickup.minecraft.dye":12,"stat.pickup.minecraft.planks":1,"stat.pickup.minecraft.concrete":3,"stat.pickup.minecraft.wheat_seeds":24,"stat.pickup.fairylights.light":1,"stat.damageDealt":1287,"stat.useItem.minecraft.wool":147,"stat.killEntity.Cow":21,"stat.mineBlock.minecraft.dirt":9,"stat.killEntity.Pig":13,"stat.drop.minecraft.stick":2,"stat.walkOneCm":3005575,"stat.playerKills":10,"stat.pickup.minecraft.stick":2,"stat.drop.minecraft.planks":1,"stat.pickup.minecraft.chicken":1,"stat.pickup.minecraft.sapling":36,"stat.useItem.minecraft.redstone_ore":10,"stat.pickup.minecraft.apple":5,"stat.pickup.minecraft.cooked_beef":5,"stat.pickup.minecraft.banner":1,"stat.killEntity.Skeleton":7,"stat.killEntity.Chicken":14,"stat.killEntity.Spider":8,"stat.mobKills":119,"stat.drop.props.props":2,"stat.pickup.props.props":10,"stat.useItem.minecraft.writable_book":2,"stat.pickup.fairylights.ladder":1,"stat.pickup.minecraft.torch":5090,"stat.pickup.minecraft.red_flower":8,"stat.sneakTime":71272,"stat.pickup.minecraft.wool":7,"stat.drop.minecraft.beef":2,"stat.drop.minecraft.arrow":3,"stat.useItem.minecraft.wooden_axe":1,"stat.drop.minecraft.yellow_flower":2,"stat.pickup.minecraft.stone_slab":1,"stat.pickup.minecraft.yellow_flower":2}