{"stat.chestOpened":1,"stat.flyOneCm":1193690,"stat.walkOneCm":115252,"stat.pickup.props.props":3,"stat.useItem.minecraft.golden_sword":1,"stat.drop":2,"stat.jump":3141,"stat.swimOneCm":647,"stat.playOneMinute":92881,"stat.useItem.fairylights.hanging_lights":5,"stat.fallOneCm":3346,"stat.climbOneCm":1074,"stat.leaveGame":1,"stat.sneakTime":6413,"stat.damageTaken":70,"stat.damageDealt":350,"stat.crouchOneCm":12948,"stat.pickup.fairylights.hanging_lights":2,"stat.timeSinceDeath":92881,"stat.sprintOneCm":233973,"stat.useItem.minecraft.stone_slab2":29,"stat.drop.props.props":2,"stat.diveOneCm":702}