{"stat.useItem.minecraft.bow":1,"stat.pickup.minecraft.bone":4,"stat.leaveGame":19,"stat.useItem.minecraft.diamond_sword":80,"stat.drop.fairylights.light":1,"stat.pickup.simplylight.edge_light":1,"stat.swimOneCm":7357,"stat.climbOneCm":7512,"stat.pickup.minecraft.porkchop":12,"stat.enderchestOpened":5,"stat.useItem.minecraft.stone_slab2":27722,"stat.pickup.minecraft.bow":2,"stat.useItem.minecraft.water_bucket":33,"stat.useItem.minecraft.egg":2,"stat.useItem.fairylights.pennant_bunting":3,"stat.flyOneCm":7332945,"stat.pickup.minecraft.sandstone":1,"stat.pickup.minecraft.brown_mushroom":4,"stat.killEntity.Witch":1,"stat.drop.minecraft.wheat_seeds":2,"stat.pickup.minecraft.redstone":14,"stat.timeSinceDeath":97763,"stat.useItem.minecraft.spawn_egg":417,"stat.useItem.minecraft.wooden_slab":2,"stat.pickup.vehicle.key":3,"stat.pickup.vehicle.vehicle_crate":2,"stat.useItem.minecraft.lever":1,"stat.furnaceInteraction":1,"stat.killEntity.Wolf":3,"stat.killEntity.Creeper":6,"stat.pickup.minecraft.string":1,"stat.pickup.minecraft.beef":5,"stat.useItem.minecraft.redstone":7,"stat.pickup.fairylights.hanging_lights":6,"stat.sprintOneCm":953670,"stat.pickup.simplylight.edge_light_top":1,"stat.useItem.minecraft.stone_slab":17,"stat.killEntity.Horse":1,"stat.useItem.fairylights.hanging_lights":4,"stat.useItem.minecraft.bucket":1,"stat.pickup.minecraft.lever":2,"stat.deaths":11,"stat.drop":10,"stat.pickup.minecraft.egg":7,"stat.playOneMinute":1424692,"stat.useItem.minecraft.banner":11,"stat.diveOneCm":37910,"stat.chestOpened":1,"stat.useItem.props.props":7,"stat.pickup.simplylight.wall_lamp":1,"stat.pickup.minecraft.arrow":7,"stat.pickup.minecraft.diamond_sword":2,"stat.jump":6936,"stat.fallOneCm":21511,"stat.drop.minecraft.diamond_sword":1,"stat.pickup.minecraft.gunpowder":6,"stat.crouchOneCm":127506,"stat.craftingTableInteraction":4,"stat.damageTaken":4238,"stat.pickup.minecraft.feather":4,"stat.pickup.minecraft.leather":2,"stat.pickup.minecraft.planks":5,"stat.pickup.minecraft.concrete":1,"stat.pickup.minecraft.wheat_seeds":16,"stat.mineBlock.minecraft.glass":8,"stat.pickup.fairylights.light":1,"stat.damageDealt":7594,"stat.pickup.minecraft.end_bricks":1,"stat.killEntity.Cow":4,"stat.craftItem.fairylights.hanging_lights":2,"stat.killEntity.Pig":4,"stat.drop.minecraft.stick":2,"stat.walkOneCm":4603749,"stat.useItem.minecraft.torch":10,"stat.playerKills":6,"stat.pickup.minecraft.stick":131,"stat.mineBlock.minecraft.double_plant":1,"stat.useItem.minecraft.golden_hoe":16,"stat.pickup.minecraft.log":1,"stat.pickup.minecraft.chicken":5,"stat.pickup.minecraft.sapling":31,"stat.pickup.minecraft.apple":5,"stat.pickup.minecraft.cooked_beef":1,"stat.useItem.minecraft.concrete":2,"stat.pickup.minecraft.banner":6,"stat.killEntity.Skeleton":6,"stat.killEntity.Chicken":6,"stat.killEntity.Spider":1,"stat.mobKills":32,"stat.drop.props.props":2,"stat.pickup.props.props":18,"stat.mineBlock.minecraft.leaves":1,"stat.pickup.minecraft.torch":2,"stat.pickup.minecraft.red_flower":10,"stat.sneakTime":51837,"stat.drop.fairylights.hanging_lights":1}