{"stat.pickup.minecraft.redstone_torch":4,"stat.pickup.minecraft.stone_pressure_plate":4,"stat.horseOneCm":39981,"stat.leaveGame":36,"stat.useItem.minecraft.diamond_sword":75,"stat.pickup.minecraft.flower_pot":2,"stat.pickup.vehicle.fuel_drum":1,"stat.swimOneCm":37366,"stat.climbOneCm":4642,"stat.pickup.minecraft.cooked_porkchop":4,"stat.drop.minecraft.feather":2,"stat.pickup.minecraft.porkchop":32,"stat.pickup.minecraft.writable_book":2,"stat.useItem.minecraft.dirt":120,"stat.drop.minecraft.writable_book":2,"stat.useItem.minecraft.stone_slab2":17109,"stat.useItem.minecraft.water_bucket":82,"stat.pickup.minecraft.sand":15,"stat.useItem.minecraft.red_flower":1,"stat.pickup.minecraft.splash_potion":1,"stat.useItem.minecraft.egg":18,"stat.pickup.minecraft.cobblestone":5,"stat.flyOneCm":9398403,"stat.drop.minecraft.wheat_seeds":1,"stat.pickup.vehicle.wheel":1,"stat.drop.minecraft.snow_layer":1,"stat.pickup.minecraft.redstone":21,"stat.timeSinceDeath":301331,"stat.drop.minecraft.log":1,"stat.useItem.minecraft.sign":22,"stat.useItem.minecraft.spawn_egg":512,"stat.pickup.fairylights.letter_bunting":3,"stat.pickup.vehicle.key":3,"stat.pickup.vehicle.vehicle_crate":3,"stat.pickup.minecraft.wooden_axe":3,"stat.craftItem.vehicle.spray_can":4,"stat.pickup.minecraft.dark_oak_door":2,"stat.pickup.vehicle.jack":1,"stat.pickup.simplylight.illuminant_panel":1,"stat.talkedToVillager":1,"stat.pickup.minecraft.sponge":1,"stat.pickup.minecraft.furnace":1,"stat.useItem.minecraft.redstone":6,"stat.sprintOneCm":987712,"stat.drop.minecraft.furnace":1,"stat.useItem.minecraft.dark_oak_door":2,"stat.useItem.minecraft.stone_slab":2,"stat.killEntity.Horse":4,"stat.useItem.minecraft.flint_and_steel":14,"stat.useItem.minecraft.wheat_seeds":26,"stat.pickup.minecraft.grass":1,"stat.pickup.minecraft.pumpkin_seeds":1,"stat.pickup.minecraft.lever":1,"stat.deaths":14,"stat.drop":21,"stat.pickup.minecraft.egg":4,"stat.playOneMinute":1399515,"stat.pickup.minecraft.stone_button":3,"stat.mineBlock.minecraft.tallgrass":1,"stat.pickup.vehicle.workstation":1,"stat.diveOneCm":66880,"stat.chestOpened":5,"stat.useItem.minecraft.splash_potion":3,"stat.pickup.minecraft.sign":14,"stat.pickup.minecraft.wooden_pressure_plate":28,"stat.useItem.minecraft.waterlily":8,"stat.useItem.minecraft.potion":2,"stat.pickup.minecraft.diamond_sword":4,"stat.jump":4483,"stat.useItem.minecraft.sand":164,"stat.pickup.minecraft.coal":1,"stat.fallOneCm":21551,"stat.drop.minecraft.diamond_sword":2,"stat.crouchOneCm":45655,"stat.pickup.minecraft.dirt":46,"stat.useItem.minecraft.stone_button":4,"stat.drop.minecraft.glass":2,"stat.craftingTableInteraction":6,"stat.boatOneCm":1101522,"stat.damageTaken":3833,"stat.pickup.minecraft.feather":6,"stat.noteblockTuned":10,"stat.pickup.minecraft.wheat_seeds":65,"stat.pickup.vehicle.hammer":1,"stat.damageDealt":5544,"stat.sleepInBed":1,"stat.mineBlock.minecraft.dirt":9,"stat.killEntity.Pig":16,"stat.walkOneCm":1385987,"stat.pickup.minecraft.golden_apple":1,"stat.playerKills":9,"stat.useItem.minecraft.lava_bucket":5,"stat.pickup.vehicle.industrial_fuel_drum":1,"stat.drop.vehicle.key":2,"stat.drop.fairylights.letter_bunting":1,"stat.useItem.minecraft.yellow_flower":1,"stat.drop.minecraft.planks":1,"stat.pickup.minecraft.stone":2,"stat.pickup.minecraft.chicken":4,"stat.pickup.minecraft.sapling":10,"stat.useItem.minecraft.redstone_ore":12,"stat.pickup.minecraft.apple":1,"stat.killEntity.Chicken":5,"stat.mobKills":26,"stat.useItem.minecraft.wooden_pressure_plate":12,"stat.drop.props.props":3,"stat.useItem.minecraft.boat":6,"stat.pickup.props.props":6,"stat.useItem.minecraft.writable_book":6,"stat.pickup.minecraft.red_flower":8,"stat.sneakTime":17938,"stat.useItem.minecraft.wooden_axe":1,"stat.pickup.minecraft.yellow_flower":11,"stat.drop.minecraft.wooden_axe":2}