{"stat.chestOpened":1,"stat.walkOneCm":847528,"stat.pickup.simplylight.wall_lamp":1,"stat.leaveGame":3,"stat.pickup.simplylight.lightbulb":1,"stat.damageTaken":175,"stat.pickup.simplylight.illuminant_panel":1,"stat.drop.minecraft.concrete":2,"stat.pickup.minecraft.planks":1,"stat.flyOneCm":1042902,"stat.pickup.minecraft.concrete":2,"stat.pickup.props.props":18,"stat.drop":3,"stat.jump":811,"stat.swimOneCm":8351,"stat.drop.minecraft.end_bricks":1,"stat.playOneMinute":233715,"stat.fallOneCm":2480,"stat.climbOneCm":412,"stat.useItem.minecraft.planks":111,"stat.sneakTime":1117,"stat.crouchOneCm":861,"stat.timeSinceDeath":233715,"stat.sprintOneCm":86298,"stat.useItem.minecraft.stone_slab2":1119,"stat.pickup.simplylight.illuminant_slab":1,"stat.pickup.simplylight.edge_light_top":1,"stat.diveOneCm":667,"stat.useItem.minecraft.water_bucket":12}