{"stat.walkOneCm":178426,"stat.leaveGame":3,"stat.killEntity.Creeper":3,"stat.useItem.minecraft.diamond_sword":34,"stat.pickup.minecraft.string":2,"stat.jump":1487,"stat.swimOneCm":782,"stat.fallOneCm":3851,"stat.climbOneCm":3025,"stat.pickup.minecraft.beef":7,"stat.pickup.minecraft.porkchop":2,"stat.pickup.minecraft.gunpowder":5,"stat.crouchOneCm":18779,"stat.sprintOneCm":266439,"stat.useItem.minecraft.stone_slab2":32,"stat.pickup.minecraft.rotten_flesh":1,"stat.damageTaken":180,"stat.pickup.minecraft.leather":5,"stat.killEntity.Spider":1,"stat.mobKills":14,"stat.pickup.minecraft.dye":2,"stat.flyOneCm":1107390,"stat.playOneMinute":122883,"stat.sneakTime":12181,"stat.damageDealt":1947,"stat.killEntity.Zombie":2,"stat.timeSinceDeath":122883,"stat.killEntity.Cow":6,"stat.killEntity.Pig":2}