{"stat.drop.vehicle.vehicle_crate":1,"stat.pickup.minecraft.bone":2,"stat.leaveGame":57,"stat.pickup.simplylight.rodlamp":1,"stat.pickup.minecraft.leather_chestplate":1,"stat.drop.minecraft.redstone":1,"stat.useItem.minecraft.diamond_sword":169,"stat.pickup.simplylight.edge_light":1,"stat.swimOneCm":37767,"stat.climbOneCm":21072,"stat.pickup.minecraft.porkchop":3,"stat.pickup.minecraft.glass":2,"stat.useItem.minecraft.dirt":10,"stat.useItem.minecraft.stone_slab2":16534,"stat.useItem.minecraft.water_bucket":39,"stat.useItem.minecraft.diamond_hoe":2,"stat.pickup.simplylight.illuminant_block_on":1,"stat.useItem.minecraft.vine":5,"stat.drop.minecraft.brick_block":1,"stat.useItem.fairylights.pennant_bunting":1,"stat.pickup.minecraft.cobblestone":2,"stat.flyOneCm":49589265,"stat.pickup.malisisdoors.shoji_door":3,"stat.pickup.minecraft.redstone":2,"stat.timeSinceDeath":1139722,"stat.useItem.minecraft.spawn_egg":4,"stat.useItem.minecraft.wooden_slab":1,"stat.pickup.minecraft.mutton":4,"stat.useItem.fairylights.tinsel":1,"stat.pickup.vehicle.vehicle_crate":2,"stat.killEntity.Wolf":10,"stat.pickup.simplylight.illuminant_panel":3,"stat.drop.minecraft.stone_slab":1,"stat.pickup.minecraft.beef":3,"stat.drop.minecraft.stained_hardened_clay":1,"stat.pickup.fairylights.hanging_lights":4,"stat.sprintOneCm":2089723,"stat.useItem.minecraft.diamond_shovel":94,"stat.pickup.simplylight.edge_light_top":4,"stat.mineBlock.simplylight.edge_light_top":4,"stat.useItem.fairylights.hanging_lights":20,"stat.useItem.minecraft.flint_and_steel":27,"stat.pickup.fairylights.tinsel":1,"stat.drop.minecraft.leaves":2,"stat.pickup.fairylights.pennant_bunting":1,"stat.useItem.minecraft.bucket":29,"stat.drop.simplylight.illuminant_panel":3,"stat.pickup.minecraft.spawn_egg":1,"stat.deaths":24,"stat.drop":65,"stat.pickup.minecraft.egg":5,"stat.playOneMinute":3654537,"stat.pickup.minecraft.stone_button":2,"stat.killEntity.Sheep":4,"stat.pickup.minecraft.glass_pane":1,"stat.useItem.malisisdoors.iron_sliding_door":2,"stat.diveOneCm":81378,"stat.chestOpened":14,"stat.useItem.props.props":1,"stat.pickup.simplylight.wall_lamp":1,"stat.pickup.minecraft.arrow":2,"stat.pickup.simplylight.lightbulb":3,"stat.drop.minecraft.ladder":1,"stat.pickup.minecraft.stained_glass_pane":1,"stat.drop.minecraft.apple":2,"stat.pickup.minecraft.diamond_sword":5,"stat.jump":15417,"stat.fallOneCm":67857,"stat.drop.minecraft.stone":2,"stat.drop.minecraft.diamond_sword":3,"stat.crouchOneCm":101772,"stat.pickup.minecraft.dirt":13,"stat.useItem.fairylights.letter_bunting":1,"stat.useItem.minecraft.glass":1,"stat.pickup.minecraft.leaves":2,"stat.damageTaken":9620,"stat.pickup.minecraft.leather":3,"stat.drop.minecraft.concrete":14,"stat.pickup.minecraft.reeds":1,"stat.pickup.minecraft.concrete":12,"stat.pickup.minecraft.wheat_seeds":16,"stat.pickup.fairylights.garland":1,"stat.damageDealt":5812,"stat.killEntity.Cow":1,"stat.mineBlock.minecraft.dirt":27,"stat.killEntity.Pig":1,"stat.walkOneCm":2725099,"stat.pickup.minecraft.golden_apple":2,"stat.playerKills":2,"stat.pickup.malisisdoors.wood_sliding_door":1,"stat.drop.minecraft.vine":1,"stat.useItem.minecraft.gold_ore":8,"stat.drop.minecraft.sign":1,"stat.drop.minecraft.planks":2,"stat.pickup.minecraft.stone":1,"stat.drop.minecraft.sapling":2,"stat.pickup.minecraft.sapling":7,"stat.drop.minecraft.egg":1,"stat.pickup.minecraft.apple":2,"stat.pickup.minecraft.cooked_beef":1,"stat.useItem.minecraft.glass_pane":154,"stat.killEntity.Chicken":2,"stat.mobKills":34,"stat.drop.props.props":21,"stat.useItem.minecraft.golden_apple":2,"stat.pickup.props.props":41,"stat.mineBlock.minecraft.leaves":5,"stat.pickup.minecraft.torch":5,"stat.pickup.minecraft.red_flower":5,"stat.sneakTime":79899,"stat.pickup.minecraft.wool":3,"stat.drop.simplylight.edge_light_top":5,"stat.pickup.minecraft.yellow_flower":2,"stat.useItem.fairylights.garland":1}