{"stat.chestOpened":2,"stat.useItem.props.props":2,"stat.pickup.minecraft.bone":4,"stat.pickup.minecraft.wooden_slab":1,"stat.useItem.malisisdoors.rustyhatch":2,"stat.leaveGame":67,"stat.pickup.minecraft.gravel":1,"stat.pickup.minecraft.waterlily":13,"stat.pickup.minecraft.arrow":2,"stat.useItem.minecraft.diamond_sword":8,"stat.jump":3681,"stat.swimOneCm":4008,"stat.fallOneCm":9686,"stat.climbOneCm":8231,"stat.crouchOneCm":9915,"stat.pickup.minecraft.dirt":1,"stat.useItem.minecraft.stone_slab2":2431,"stat.drop.minecraft.stained_glass_pane":1,"stat.pickup.minecraft.sand":1,"stat.damageTaken":1159,"stat.pickup.minecraft.leather":2,"stat.drop.minecraft.concrete":3,"stat.pickup.minecraft.dye":2,"stat.flyOneCm":2383908,"stat.pickup.minecraft.concrete":2,"stat.pickup.minecraft.brown_mushroom":1,"stat.pickup.minecraft.wheat_seeds":19,"stat.pickup.statues.blockplayerstatue":4,"stat.pickup.fairylights.light":1,"stat.damageDealt":543,"stat.timeSinceDeath":113334,"stat.killEntity.Cow":3,"stat.pickup.minecraft.mutton":1,"stat.walkOneCm":722157,"stat.pickup.statues.itemroyalnugget":1,"stat.playerKills":1,"stat.drop.statues.itemtea":1,"stat.pickup.minecraft.beef":8,"stat.pickup.fairylights.hanging_lights":11,"stat.sprintOneCm":734696,"stat.drop.minecraft.wooden_slab":2,"stat.useItem.fairylights.hanging_lights":13,"stat.mobKills":3,"stat.drop.props.props":12,"stat.deaths":8,"stat.pickup.props.props":14,"stat.drop":26,"stat.pickup.minecraft.egg":2,"stat.playOneMinute":490026,"stat.pickup.minecraft.red_flower":5,"stat.sneakTime":5003,"stat.drop.minecraft.arrow":2,"stat.drop.statues.blockplayerstatue":1,"stat.drop.minecraft.grass":4,"stat.mineBlock.minecraft.tallgrass":4,"stat.diveOneCm":17002}